price,listing-location,bed,bath,carport,surface_area,building_area
1790000000.0,39,3.0,3.0,2.0,120.0,110.0
170000000.0,22,3.0,2.0,1.0,102.0,126.0
695000000.0,4,2.0,2.0,1.0,100.0,100.0
560000000.0,50,3.0,1.0,1.0,109.0,67.0
200000000.0,37,2.0,1.0,1.0,60.0,30.0
560000000.0,50,3.0,1.0,1.0,109.0,67.0
875000000.0,39,3.0,2.0,1.0,145.0,85.0
570000000.0,39,2.0,1.0,1.0,83.0,50.0
300000000.0,54,2.0,1.0,1.0,60.0,30.0
750000000.0,40,4.0,2.0,1.0,140.0,90.0
745000000.0,46,3.0,1.0,3.0,209.0,180.0
1700000000.0,12,4.0,3.0,2.0,169.0,125.0
455000000.0,65,2.0,1.0,1.0,61.0,45.0
1100000000.0,39,4.0,3.0,2.0,171.0,150.0
850000000.0,15,3.0,2.0,1.0,135.0,80.0
1300000000.0,65,3.0,2.0,1.0,134.0,200.0
1850000000.0,39,4.0,3.0,2.0,135.0,165.0
1400000000.0,12,3.0,2.0,2.0,205.0,150.0
765000000.0,13,3.0,2.0,2.0,109.0,80.0
2200000000.0,9,3.0,3.0,1.0,139.0,125.0
1950000000.0,12,3.0,3.0,1.0,128.0,188.0
1080000000.0,39,3.0,2.0,2.0,147.0,85.0
969000000.0,39,3.0,3.0,2.0,102.0,100.0
2100000000.0,12,3.0,3.0,1.0,139.0,100.0
2100000000.0,12,3.0,3.0,1.0,139.0,100.0
500000000.0,9,3.0,1.0,1.0,72.0,90.0
1300000000.0,39,3.0,2.0,2.0,156.0,85.0
900000000.0,27,3.0,2.0,2.0,111.0,70.0
2480000000.0,60,4.0,3.0,1.0,192.0,135.0
2450000000.0,13,4.0,3.0,1.0,187.0,135.0
2650000000.0,60,4.0,3.0,1.0,213.0,135.0
2430000000.0,60,4.0,3.0,1.0,192.0,135.0
2490000000.0,60,4.0,3.0,1.0,200.0,135.0
1200000000.0,36,3.0,2.0,2.0,100.0,88.0
900000000.0,23,4.0,2.0,1.0,120.0,84.0
2350000000.0,12,4.0,3.0,1.0,120.0,185.0
1450000000.0,9,3.0,3.0,1.0,150.0,95.0
450000000.0,48,2.0,1.0,2.0,97.0,45.0
845000000.0,65,2.0,2.0,2.0,60.0,65.0
1800000000.0,36,3.0,2.0,2.0,134.0,90.0
299000000.0,13,2.0,1.0,1.0,60.0,30.0
1380000000.0,4,3.0,2.0,1.0,107.0,100.0
750000000.0,12,2.0,1.0,2.0,166.0,36.0
1650000000.0,32,3.0,3.0,1.0,200.0,135.0
900000000.0,23,3.0,2.0,1.0,140.0,80.0
499000000.0,36,2.0,1.0,1.0,120.0,36.0
1600000000.0,39,4.0,3.0,2.0,118.0,140.0
1450000000.0,40,3.0,2.0,1.0,100.0,85.0
1500000000.0,65,4.0,3.0,2.0,204.0,100.0
1850000000.0,40,3.0,2.0,2.0,116.0,115.0
1670000000.0,12,4.0,2.0,2.0,162.0,120.0
2360000000.0,60,4.0,3.0,1.0,182.0,135.0
2460000000.0,60,4.0,3.0,1.0,196.0,135.0
2430000000.0,13,4.0,3.0,1.0,192.0,135.0
2400000000.0,60,4.0,3.0,1.0,187.0,136.0
1590000000.0,39,3.0,3.0,1.0,90.0,115.0
576000000.0,40,3.0,2.0,1.0,144.0,80.0
2540000000.0,60,4.0,3.0,1.0,200.0,135.0
300000000.0,27,1.0,1.0,1.0,52.0,95.0
995000000.0,12,3.0,2.0,1.0,109.0,75.0
410000000.0,23,2.0,1.0,1.0,112.0,60.0
245000000.0,50,2.0,1.0,1.0,75.0,36.0
1790000000.0,51,4.0,3.0,1.0,113.0,175.0
399000000.0,35,2.0,1.0,1.0,100.0,45.0
550000000.0,36,3.0,2.0,1.0,101.0,55.0
2400000000.0,16,3.0,2.0,1.0,121.0,140.0
410000000.0,2,2.0,1.0,1.0,80.0,42.0
2900000000.0,39,3.0,3.0,2.0,140.0,115.0
650000000.0,28,4.0,2.0,1.0,90.0,150.0
775000000.0,61,2.0,1.0,1.0,132.0,90.0
999000000.0,40,3.0,3.0,1.0,103.0,100.0
695000000.0,49,2.0,2.0,1.0,100.0,65.0
675000000.0,2,2.0,1.0,1.0,85.0,45.0
725000000.0,7,3.0,2.0,2.0,114.0,71.0
815000000.0,65,2.0,2.0,1.0,75.0,50.0
455000000.0,54,2.0,1.0,1.0,83.0,45.0
1300000000.0,36,3.0,1.0,2.0,126.0,80.0
690000000.0,2,3.0,2.0,2.0,76.0,60.0
2430000000.0,60,4.0,3.0,1.0,192.0,135.0
575000000.0,23,3.0,2.0,1.0,98.0,115.0
1850000000.0,12,3.0,2.0,1.0,126.0,115.0
580000000.0,61,3.0,2.0,1.0,90.0,65.0
750000000.0,12,2.0,1.0,1.0,166.0,36.0
799000000.0,36,3.0,2.0,1.0,111.0,60.0
799000000.0,65,3.0,2.0,2.0,75.0,50.0
800000000.0,3,3.0,2.0,1.0,101.0,60.0
392000000.0,53,2.0,1.0,1.0,80.0,36.0
1450000000.0,10,3.0,3.0,1.0,110.0,129.0
235000000.0,12,2.0,1.0,1.0,73.0,30.0
1880000000.0,36,3.0,3.0,1.0,121.0,80.0
2660000000.0,36,3.0,3.0,2.0,153.0,160.0
320000000.0,39,2.0,1.0,1.0,94.0,36.0
1650000000.0,39,4.0,3.0,2.0,125.0,140.0
1990000000.0,61,3.0,3.0,1.0,172.0,100.0
1800000000.0,39,3.0,3.0,2.0,95.0,150.0
550000000.0,23,3.0,1.0,1.0,116.0,60.0
1100000000.0,39,3.0,2.0,1.0,138.0,100.0
750000000.0,60,3.0,2.0,2.0,130.0,60.0
237000000.0,23,2.0,1.0,1.0,60.0,28.0
750000000.0,60,3.0,2.0,2.0,130.0,60.0
1650000000.0,39,4.0,3.0,2.0,125.0,140.0
1520000000.0,39,4.0,2.0,1.0,99.0,150.0
350000000.0,15,2.0,1.0,1.0,104.0,50.0
850000000.0,39,3.0,2.0,1.0,114.0,110.0
2950000000.0,67,4.0,3.0,1.0,213.0,185.0
895000000.0,28,3.0,2.0,2.0,91.0,76.0
1200000000.0,65,3.0,2.0,1.0,115.0,100.0
1270000000.0,12,3.0,2.0,1.0,130.0,100.0
675000000.0,1,2.0,1.0,1.0,85.0,45.0
817000000.0,13,2.0,2.0,1.0,103.0,76.0
817000000.0,13,2.0,2.0,1.0,103.0,76.0
470000000.0,16,3.0,3.0,1.0,147.0,70.0
765000000.0,65,2.0,1.0,1.0,101.0,60.0
675000000.0,23,2.0,1.0,1.0,84.0,50.0
725000000.0,32,3.0,2.0,1.0,100.0,70.0
800000000.0,40,3.0,2.0,1.0,120.0,80.0
884000000.0,32,4.0,2.0,2.0,104.0,60.0
1250000000.0,39,2.0,2.0,2.0,125.0,150.0
500000000.0,40,2.0,2.0,1.0,80.0,55.0
500000000.0,23,3.0,2.0,1.0,108.0,70.0
690000000.0,57,2.0,1.0,1.0,87.0,45.0
875000000.0,32,3.0,2.0,2.0,112.0,95.0
756000000.0,39,3.0,1.0,2.0,104.0,60.0
850000000.0,27,3.0,2.0,2.0,80.0,85.0
1290000000.0,1,4.0,3.0,1.0,99.0,105.0
1780000000.0,12,4.0,3.0,2.0,118.0,160.0
1250000000.0,36,3.0,3.0,1.0,105.0,160.0
575000000.0,23,2.0,1.0,1.0,108.0,80.0
775000000.0,13,2.0,2.0,1.0,118.0,100.0
575000000.0,23,3.0,2.0,1.0,101.0,80.0
785000000.0,40,3.0,2.0,1.0,115.0,60.0
1850000000.0,62,4.0,3.0,1.0,147.0,120.0
900000000.0,1,3.0,3.0,1.0,98.0,100.0
750000000.0,60,3.0,2.0,2.0,130.0,60.0
1500000000.0,23,2.0,1.0,1.0,120.0,90.0
275000000.0,2,2.0,1.0,1.0,70.0,36.0
305000000.0,68,2.0,1.0,1.0,66.0,45.0
310000000.0,68,2.0,1.0,1.0,72.0,45.0
310000000.0,68,2.0,1.0,1.0,72.0,45.0
315000000.0,68,2.0,1.0,1.0,45.0,75.0
312000000.0,68,2.0,1.0,1.0,45.0,72.0
375000000.0,54,2.0,1.0,1.0,82.0,46.0
2100000000.0,12,3.0,3.0,1.0,139.0,100.0
2000000000.0,65,4.0,2.0,2.0,105.0,140.0
645000000.0,1,3.0,1.0,2.0,93.0,60.0
1280000000.0,39,3.0,3.0,2.0,134.0,85.0
270000000.0,50,2.0,1.0,1.0,61.0,30.0
1780000000.0,13,3.0,3.0,2.0,119.0,114.0
598000000.0,4,2.0,1.0,1.0,90.0,40.0
645000000.0,1,3.0,1.0,1.0,93.0,60.0
1820000000.0,13,3.0,2.0,1.0,140.0,158.0
499000000.0,39,2.0,1.0,1.0,120.0,36.0
592000000.0,53,2.0,1.0,1.0,91.0,50.0
985000000.0,12,2.0,2.0,1.0,125.0,132.0
890000000.0,1,3.0,2.0,1.0,85.0,70.0
1250000000.0,12,2.0,1.0,1.0,130.0,70.0
790000000.0,1,3.0,2.0,1.0,75.0,70.0
250000000.0,20,2.0,1.0,1.0,76.0,36.0
600000000.0,60,3.0,1.0,1.0,167.0,130.0
3800000000.0,60,3.0,3.0,1.0,199.0,206.0
407000000.0,20,2.0,1.0,1.0,80.0,45.0
297000000.0,2,2.0,1.0,1.0,75.0,45.0
400000000.0,42,2.0,1.0,1.0,90.0,50.0
1450000000.0,29,3.0,3.0,1.0,110.0,129.0
1940000000.0,10,3.0,3.0,1.0,150.0,110.0
400000000.0,42,2.0,1.0,1.0,90.0,50.0
580000000.0,8,3.0,2.0,1.0,101.0,70.0
850000000.0,1,3.0,2.0,1.0,102.0,65.0
850000000.0,1,3.0,2.0,1.0,102.0,65.0
850000000.0,29,4.0,3.0,1.0,126.0,126.0
350000000.0,54,2.0,1.0,1.0,105.0,70.0
808000000.0,2,3.0,2.0,2.0,85.0,45.0
690000000.0,1,3.0,2.0,2.0,78.0,60.0
675000000.0,1,2.0,1.0,1.0,85.0,45.0
870000000.0,15,3.0,2.0,1.0,135.0,80.0
2600000000.0,32,4.0,3.0,2.0,150.0,190.0
300000000.0,42,2.0,1.0,1.0,74.0,42.0
1600000000.0,10,4.0,2.0,1.0,125.0,125.0
1600000000.0,2,4.0,3.0,1.0,193.0,193.0
299000000.0,13,2.0,1.0,1.0,74.0,74.0
385000000.0,36,3.0,2.0,1.0,63.0,80.0
900000000.0,15,3.0,2.0,1.0,133.0,80.0
1300000000.0,65,3.0,3.0,1.0,135.0,85.0
280000000.0,39,2.0,1.0,1.0,88.0,36.0
250000000.0,39,2.0,1.0,1.0,88.0,36.0
1750000000.0,36,3.0,2.0,1.0,131.0,160.0
900000000.0,39,2.0,2.0,1.0,108.0,60.0
595000000.0,1,3.0,1.0,1.0,93.0,60.0
852000000.0,12,4.0,2.0,1.0,142.0,200.0
700000000.0,36,3.0,2.0,1.0,106.0,70.0
1290000000.0,1,4.0,3.0,2.0,99.0,105.0
375000000.0,23,2.0,1.0,1.0,72.0,72.0
462000000.0,61,1.0,1.0,1.0,201.0,100.0
1560000000.0,60,1.0,1.0,1.0,209.0,100.0
550000000.0,40,3.0,2.0,1.0,82.0,100.0
2500000000.0,12,3.0,2.0,1.0,123.0,150.0
495000000.0,18,3.0,1.0,1.0,141.0,60.0
475000000.0,7,2.0,1.0,1.0,90.0,50.0
700000000.0,23,2.0,2.0,1.0,100.0,90.0
250000000.0,39,2.0,1.0,1.0,88.0,36.0
580000000.0,23,3.0,2.0,1.0,100.0,80.0
765000000.0,51,3.0,2.0,1.0,118.0,75.0
1880000000.0,28,3.0,2.0,2.0,150.0,110.0
500000000.0,58,3.0,1.0,1.0,97.0,55.0
278000000.0,56,2.0,1.0,2.0,72.0,36.0
495000000.0,13,2.0,1.0,1.0,107.0,36.0
495000000.0,13,2.0,1.0,1.0,107.0,36.0
278000000.0,56,2.0,1.0,2.0,72.0,36.0
900000000.0,28,4.0,2.0,1.0,140.0,140.0
1950000000.0,27,3.0,2.0,2.0,168.0,130.0
897000000.0,40,3.0,2.0,1.0,107.0,91.0
730000000.0,9,3.0,2.0,2.0,100.0,80.0
513000000.0,47,2.0,1.0,1.0,79.0,76.0
1980000000.0,23,3.0,3.0,1.0,150.0,110.0
990000000.0,32,3.0,3.0,1.0,103.0,100.0
278000000.0,56,2.0,1.0,2.0,71.0,36.0
600000000.0,39,1.0,1.0,1.0,225.0,225.0
695000000.0,32,3.0,2.0,1.0,94.0,64.0
900000000.0,15,2.0,2.0,1.0,133.0,80.0
2360000000.0,60,4.0,3.0,1.0,182.0,135.0
850000000.0,39,2.0,2.0,1.0,106.0,62.0
600000000.0,24,3.0,2.0,1.0,123.0,105.0
1700000000.0,36,4.0,3.0,2.0,110.0,114.0
1970000000.0,39,4.0,3.0,3.0,135.0,165.0
970000000.0,39,4.0,2.0,1.0,176.0,90.0
675000000.0,23,3.0,2.0,1.0,125.0,65.0
675000000.0,23,3.0,2.0,1.0,125.0,65.0
795000000.0,13,3.0,2.0,1.0,98.0,85.0
580000000.0,23,3.0,2.0,1.0,100.0,80.0
580000000.0,23,3.0,2.0,1.0,100.0,80.0
549000000.0,23,2.0,1.0,1.0,90.0,45.0
549000000.0,23,2.0,1.0,1.0,90.0,45.0
585000000.0,23,3.0,2.0,1.0,100.0,58.0
585000000.0,23,3.0,2.0,1.0,100.0,58.0
500000000.0,23,2.0,2.0,1.0,120.0,45.0
500000000.0,23,2.0,2.0,1.0,120.0,45.0
1100000000.0,39,4.0,2.0,1.0,115.0,205.0
720000000.0,23,3.0,2.0,1.0,87.0,80.0
720000000.0,23,3.0,2.0,1.0,87.0,80.0
2300000000.0,12,4.0,3.0,2.0,160.0,150.0
399000000.0,13,2.0,2.0,1.0,100.0,50.0
1350000000.0,67,3.0,2.0,1.0,105.0,120.0
1300000000.0,67,3.0,2.0,2.0,161.0,120.0
875000000.0,33,3.0,2.0,1.0,85.0,125.0
235000000.0,50,2.0,1.0,1.0,73.0,30.0
799000000.0,33,3.0,1.0,1.0,119.0,80.0
950000000.0,27,3.0,1.0,1.0,108.0,100.0
998000000.0,32,3.0,3.0,1.0,103.0,100.0
2430000000.0,60,4.0,3.0,1.0,192.0,135.0
302000000.0,25,3.0,2.0,1.0,121.0,60.0
480000000.0,27,3.0,1.0,1.0,98.0,50.0
2650000000.0,60,4.0,3.0,1.0,213.0,135.0
155000000.0,39,2.0,1.0,1.0,88.0,36.0
2100000000.0,13,3.0,2.0,1.0,223.0,200.0
2490000000.0,60,4.0,3.0,1.0,200.0,135.0
591000000.0,60,2.0,1.0,1.0,84.0,40.0
571000000.0,60,2.0,1.0,1.0,79.0,40.0
1380000000.0,60,3.0,2.0,1.0,103.0,100.0
325000000.0,30,2.0,1.0,1.0,70.0,36.0
337000000.0,30,2.0,1.0,1.0,74.0,36.0
331000000.0,30,2.0,1.0,1.0,72.0,36.0
725000000.0,23,4.0,2.0,1.0,130.0,100.0
1350000000.0,60,3.0,2.0,1.0,100.0,103.0
520000000.0,53,2.0,1.0,1.0,90.0,50.0
2400000000.0,60,4.0,3.0,1.0,187.0,135.0
950000000.0,39,3.0,2.0,1.0,175.0,120.0
1480000000.0,60,3.0,2.0,1.0,125.0,100.0
2430000000.0,13,4.0,3.0,1.0,192.0,135.0
2460000000.0,60,4.0,3.0,1.0,196.0,135.0
2360000000.0,60,4.0,3.0,1.0,182.0,135.0
2400000000.0,13,4.0,3.0,1.0,187.0,135.0
2650000000.0,60,4.0,3.0,1.0,213.0,135.0
700000000.0,39,2.0,2.0,1.0,108.0,100.0
556000000.0,16,2.0,1.0,1.0,84.0,46.0
549000000.0,23,2.0,1.0,1.0,90.0,45.0
898000000.0,32,3.0,2.0,1.0,90.0,65.0
850000000.0,13,3.0,1.0,1.0,96.0,70.0
350000000.0,51,2.0,1.0,1.0,115.0,36.0
2250000000.0,12,4.0,2.0,2.0,138.0,151.0
2300000000.0,13,3.0,3.0,2.0,204.0,178.0
525000000.0,25,2.0,1.0,1.0,126.0,36.0
499000000.0,13,2.0,1.0,1.0,141.0,56.0
1500000000.0,12,4.0,2.0,1.0,218.0,150.0
2109999999.9999998,60,3.0,2.0,1.0,110.0,107.0
3870000000.0,60,3.0,3.0,2.0,204.0,142.0
3230000000.0,60,3.0,3.0,2.0,153.0,135.0
1250000000.0,28,2.0,1.0,1.0,135.0,45.0
575000000.0,51,3.0,2.0,1.0,129.0,80.0
900000000.0,12,3.0,2.0,2.0,153.0,100.0
1380000000.0,60,3.0,2.0,1.0,107.0,100.0
3000000000.0,39,3.0,3.0,3.0,229.0,180.0
1100000000.0,9,3.0,2.0,1.0,187.0,150.0
270000000.0,40,2.0,1.0,1.0,61.0,30.0
1700000000.0,1,3.0,2.0,1.0,118.0,70.0
1100000000.0,40,2.0,1.0,1.0,110.0,70.0
575000000.0,51,3.0,2.0,1.0,100.0,80.0
730000000.0,51,3.0,2.0,1.0,100.0,80.0
590000000.0,24,2.0,1.0,1.0,98.0,45.0
1350000000.0,39,4.0,3.0,1.0,115.0,190.0
725000000.0,12,3.0,2.0,1.0,87.0,70.0
2150000000.0,27,4.0,3.0,1.0,111.0,180.0
895000000.0,61,3.0,1.0,1.0,157.0,69.0
1100000000.0,24,3.0,2.0,1.0,213.0,80.0
725000000.0,12,3.0,2.0,1.0,96.0,54.0
2500000000.0,39,4.0,3.0,1.0,215.0,200.0
1600000000.0,1,3.0,3.0,1.0,156.0,140.0
1450000000.0,67,3.0,3.0,1.0,110.0,129.0
650000000.0,39,3.0,2.0,1.0,101.0,80.0
1600000000.0,24,3.0,3.0,1.0,122.0,200.0
2109999999.9999998,61,4.0,3.0,2.0,192.0,135.0
745000000.0,13,2.0,2.0,1.0,98.0,70.0
357000000.0,50,2.0,1.0,1.0,99.0,36.0
2140000000.0000002,60,4.0,3.0,2.0,196.0,135.0
1600000000.0,12,4.0,3.0,1.0,169.0,125.0
1900000000.0,9,3.0,3.0,1.0,128.0,188.0
1820000000.0,67,3.0,2.0,1.0,140.0,158.0
756000000.0,36,3.0,1.0,1.0,108.0,60.0
2109999999.9999998,36,3.0,2.0,1.0,110.0,107.0
3870000000.0,36,3.0,3.0,2.0,204.0,142.0
3230000000.0,36,3.0,3.0,2.0,153.0,135.0
1800000000.0,39,3.0,3.0,2.0,128.0,110.0
2040000000.0,13,4.0,3.0,2.0,182.0,135.0
1500000000.0,36,4.0,3.0,1.0,156.0,120.0
1400000000.0,32,3.0,2.0,1.0,174.0,150.0
2080000000.0,66,4.0,3.0,2.0,186.0,135.0
1600000000.0,39,4.0,2.0,1.0,127.0,150.0
755000000.0,1,2.0,1.0,1.0,101.0,60.0
1450000000.0,33,3.0,2.0,1.0,110.0,140.0
790000000.0,1,3.0,2.0,2.0,78.0,60.0
598000000.0,4,2.0,1.0,1.0,90.0,40.0
675000000.0,1,2.0,1.0,1.0,85.0,45.0
990000000.0,1,2.0,2.0,1.0,109.0,75.0
690000000.0,2,3.0,2.0,1.0,77.0,60.0
808000000.0,2,3.0,2.0,2.0,79.0,70.0
800000000.0,36,3.0,2.0,1.0,140.0,80.0
598000000.0,60,2.0,1.0,1.0,90.0,40.0
1700000000.0,61,3.0,2.0,1.0,135.0,95.0
205000000.0,23,1.0,1.0,1.0,60.0,23.0
675000000.0,1,2.0,1.0,1.0,85.0,45.0
495000000.0,18,3.0,1.0,1.0,141.0,60.0
475000000.0,2,3.0,2.0,1.0,101.0,70.0
500000000.0,58,2.0,1.0,1.0,97.0,55.0
299000000.0,39,2.0,1.0,1.0,88.0,36.0
585000000.0,23,3.0,1.0,1.0,111.0,55.0
250000000.0,39,2.0,1.0,1.0,88.0,36.0
585000000.0,23,3.0,1.0,1.0,111.0,55.0
590000000.0,33,2.0,1.0,1.0,85.0,55.0
775000000.0,40,3.0,2.0,2.0,113.0,85.0
775000000.0,40,3.0,2.0,2.0,113.0,85.0
2320000000.0,13,4.0,3.0,2.0,213.0,135.0
790000000.0,1,3.0,2.0,1.0,75.0,70.0
1400000000.0,32,3.0,2.0,4.0,205.0,80.0
800000000.0,58,4.0,2.0,1.0,107.0,165.0
950000000.0,27,3.0,2.0,1.0,150.0,90.0
750000000.0,27,3.0,2.0,2.0,81.0,70.0
2340000000.0,13,4.0,3.0,1.0,184.0,135.0
1700000000.0,1,3.0,2.0,1.0,118.0,140.0
1100000000.0,12,3.0,2.0,1.0,187.0,150.0
750000000.0,27,3.0,2.0,2.0,81.0,70.0
1700000000.0,1,3.0,2.0,1.0,118.0,140.0
405000000.0,13,2.0,2.0,1.0,125.0,95.0
950000000.0,1,2.0,2.0,1.0,109.0,75.0
800000000.0,58,4.0,2.0,1.0,107.0,165.0
598000000.0,4,2.0,1.0,1.0,90.0,40.0
950000000.0,1,2.0,2.0,1.0,109.0,75.0
1400000000.0,32,3.0,2.0,4.0,205.0,80.0
695000000.0,9,2.0,2.0,1.0,100.0,65.0
420000000.0,23,3.0,1.0,1.0,123.0,120.0
1290000000.0,1,4.0,3.0,1.0,99.0,105.0
350000000.0,42,2.0,1.0,1.0,80.0,45.0
250000000.0,20,2.0,1.0,1.0,97.0,36.0
270000000.0,66,1.0,1.0,1.0,71.0,36.0
800000000.0,1,3.0,1.0,1.0,75.0,70.0
695000000.0,24,2.0,2.0,1.0,100.0,65.0
240000000.0,2,2.0,1.0,1.0,45.0,62.0
1290000000.0,1,4.0,3.0,1.0,99.0,105.0
270000000.0,56,1.0,1.0,1.0,71.0,36.0
600000000.0,60,3.0,1.0,1.0,100.0,70.0
695000000.0,25,2.0,2.0,1.0,100.0,65.0
790000000.0,39,3.0,2.0,1.0,113.0,70.0
295000000.0,23,2.0,1.0,1.0,125.0,36.0
475000000.0,12,2.0,1.0,1.0,75.0,55.0
780000000.0,39,3.0,2.0,1.0,115.0,60.0
1950000000.0,67,3.0,2.0,1.0,168.0,110.0
465000000.0,23,2.0,1.0,1.0,132.0,53.0
800000000.0,39,3.0,2.0,1.0,107.0,100.0
750000000.0,60,3.0,2.0,1.0,130.0,60.0
756000000.0,39,2.0,1.0,2.0,95.0,57.0
400000000.0,42,2.0,1.0,1.0,90.0,50.0
1850000000.0,40,3.0,2.0,2.0,116.0,110.0
835000000.0,1,3.0,2.0,1.0,102.0,65.0
961000000.0,39,3.0,3.0,2.0,107.0,80.0
875000000.0,39,3.0,2.0,1.0,107.0,70.0
2790000000.0,36,3.0,3.0,1.0,123.0,160.0
1700000000.0,65,4.0,3.0,2.0,200.0,190.0
1780000000.0,36,3.0,3.0,1.0,160.0,210.0
1550000000.0,39,3.0,2.0,1.0,126.0,90.0
1300000000.0,39,3.0,2.0,1.0,135.0,120.0
1200000000.0,39,3.0,2.0,2.0,124.0,100.0
350000000.0,36,2.0,2.0,1.0,67.0,67.0
155000000.0,39,2.0,1.0,1.0,88.0,36.0
850000000.0,16,3.0,1.0,1.0,87.0,70.0
1900000000.0,39,4.0,3.0,1.0,130.0,130.0
999000000.0,12,3.0,3.0,2.0,103.0,100.0
775000000.0,32,3.0,2.0,2.0,145.0,80.0
550000000.0,15,2.0,1.0,1.0,108.0,50.0
595000000.0,33,2.0,1.0,1.0,82.0,65.0
675000000.0,1,3.0,2.0,1.0,99.0,75.0
897000000.0,40,3.0,2.0,1.0,107.0,91.0
640000000.0,39,2.0,1.0,1.0,91.0,50.0
1100000000.0,65,4.0,2.0,1.0,154.0,160.0
1470000000.0,32,4.0,3.0,2.0,178.0,131.0
1950000000.0,27,3.0,2.0,1.0,168.0,130.0
1290000000.0,51,4.0,2.0,1.0,207.0,160.0
350000000.0,7,2.0,2.0,1.0,67.0,67.0
550000000.0,15,2.0,1.0,1.0,108.0,50.0
1700000000.0,1,3.0,2.0,1.0,118.0,70.0
1100000000.0,39,2.0,2.0,1.0,112.0,85.0
1000000000.0,13,3.0,2.0,1.0,128.0,90.0
515000000.0,23,2.0,1.0,1.0,95.0,45.0
730000000.0,51,3.0,2.0,1.0,100.0,80.0
1750000000.0,39,4.0,2.0,1.0,128.0,97.0
1300000000.0,40,4.0,3.0,1.0,96.0,180.0
775000000.0,39,2.0,1.0,1.0,136.0,100.0
675000000.0,23,2.0,1.0,1.0,128.0,100.0
1350000000.0,1,4.0,3.0,1.0,204.0,170.0
850000000.0,12,3.0,3.0,1.0,98.0,99.0
350000000.0,36,3.0,2.0,1.0,54.0,80.0
1250000000.0,39,3.0,2.0,1.0,105.0,160.0
410000000.0,1,2.0,1.0,1.0,75.0,45.0
665000000.0,36,3.0,2.0,1.0,114.0,90.0
1200000000.0,23,3.0,3.0,1.0,80.0,100.0
2100000000.0,13,4.0,3.0,3.0,154.0,95.0
399000000.0,54,2.0,1.0,1.0,83.0,45.0
665000000.0,1,3.0,1.0,2.0,97.0,65.0
615000000.0,23,4.0,2.0,1.0,102.0,60.0
575000000.0,23,3.0,2.0,1.0,104.0,80.0
2000000000.0,39,3.0,3.0,1.0,125.0,169.0
1650000000.0,12,4.0,3.0,1.0,125.0,185.0
1400000000.0,12,3.0,2.0,1.0,133.0,105.0
1300000000.0,12,3.0,2.0,2.0,174.0,200.0
1650000000.0,13,2.0,2.0,2.0,135.0,115.0
1790000000.0,32,4.0,3.0,2.0,119.0,160.0
1700000000.0,1,3.0,2.0,1.0,118.0,70.0
1300000000.0,12,3.0,2.0,1.0,131.0,78.0
2170000000.0,13,4.0,3.0,2.0,200.0,135.0
900000000.0,32,4.0,2.0,4.0,204.0,100.0
1790000000.0,32,4.0,3.0,2.0,119.0,160.0
1470000000.0,9,4.0,3.0,1.0,146.0,146.0
685000000.0,40,3.0,2.0,2.0,120.0,77.0
1850000000.0,40,3.0,2.0,2.0,116.0,115.0
2300000000.0,12,3.0,3.0,2.0,126.0,130.0
800000000.0,58,4.0,2.0,1.0,107.0,165.0
825000000.0,65,3.0,2.0,1.0,102.0,120.0
825000000.0,23,3.0,2.0,1.0,125.0,79.0
1250000000.0,49,3.0,2.0,1.0,135.0,77.0
1800000000.0,1,3.0,2.0,1.0,112.0,152.0
950000000.0,65,3.0,2.0,1.0,72.0,80.0
1100000000.0,24,3.0,2.0,2.0,213.0,80.0
640000000.0,60,2.0,1.0,1.0,95.0,50.0
1950000000.0,67,3.0,2.0,1.0,170.0,130.0
235000000.0,23,2.0,1.0,1.0,70.0,30.0
525000000.0,58,3.0,1.0,1.0,112.0,75.0
925000000.0,36,2.0,1.0,1.0,101.0,65.0
520000000.0,14,2.0,1.0,1.0,90.0,50.0
650000000.0,48,3.0,2.0,1.0,126.0,80.0
575000000.0,15,3.0,3.0,1.0,80.0,120.0
975000000.0,36,3.0,2.0,1.0,128.0,100.0
435000000.0,13,2.0,1.0,1.0,101.0,45.0
550000000.0,39,3.0,2.0,1.0,123.0,62.0
270000000.0,50,2.0,1.0,1.0,61.0,30.0
475000000.0,27,3.0,1.0,1.0,93.0,60.0
580000000.0,28,2.0,1.0,1.0,66.0,45.0
975000000.0,39,3.0,2.0,1.0,121.0,80.0
675000000.0,3,2.0,1.0,1.0,85.0,45.0
765000000.0,51,3.0,2.0,1.0,118.0,80.0
890000000.0,1,3.0,2.0,1.0,85.0,70.0
675000000.0,39,2.0,1.0,1.0,121.0,45.0
2350000000.0,62,3.0,2.0,1.0,213.0,147.0
2350000000.0,67,4.0,3.0,10.0,184.0,160.0
350000000.0,17,2.0,1.0,1.0,104.0,50.0
730000000.0,51,3.0,2.0,1.0,100.0,80.0
1300000000.0,39,3.0,2.0,1.0,134.0,120.0
1500000000.0,67,3.0,2.0,1.0,148.0,120.0
1250000000.0,12,3.0,2.0,1.0,200.0,120.0
1100000000.0,12,3.0,2.0,1.0,160.0,120.0
592000000.0,39,2.0,1.0,1.0,104.0,50.0
2650000000.0,16,4.0,3.0,1.0,189.0,210.0
720000000.0,49,2.0,1.0,1.0,126.0,58.0
500000000.0,27,2.0,1.0,1.0,88.0,55.0
1850000000.0,36,3.0,3.0,2.0,102.0,138.0
2000000000.0,62,3.0,2.0,1.0,167.0,130.0
695000000.0,25,3.0,2.0,1.0,88.0,80.0
725000000.0,36,3.0,2.0,1.0,114.0,71.0
450000000.0,58,2.0,1.0,1.0,75.0,45.0
520000000.0,53,2.0,1.0,1.0,90.0,50.0
670000000.0,21,3.0,2.0,1.0,136.0,80.0
450000000.0,15,2.0,1.0,1.0,82.0,50.0
450000000.0,21,2.0,1.0,1.0,82.0,50.0
2390000000.0,36,3.0,3.0,2.0,110.0,70.0
1720000000.0,39,3.0,2.0,2.0,96.0,75.0
950000000.0,9,3.0,2.0,1.0,120.0,120.0
2800000000.0,12,3.0,2.0,1.0,129.0,163.0
790000000.0,65,3.0,2.0,1.0,75.0,70.0
235000000.0,17,2.0,1.0,1.0,73.0,30.0
675000000.0,1,2.0,1.0,1.0,85.0,45.0
1800000000.0,36,3.0,3.0,2.0,100.0,118.0
850000000.0,4,2.0,1.0,1.0,125.0,52.0
499000000.0,63,2.0,1.0,1.0,120.0,36.0
533000000.0,36,2.0,1.0,1.0,127.0,36.0
890000000.0,1,3.0,2.0,1.0,85.0,70.0
910000000.0,60,4.0,2.0,1.0,106.0,160.0
2500000000.0,39,3.0,3.0,1.0,170.0,125.0
3200000000.0,39,4.0,2.0,1.0,186.0,200.0
3000000000.0,39,4.0,3.0,1.0,216.0,200.0
2360000000.0,13,4.0,3.0,2.0,182.0,135.0
2350000000.0,67,4.0,3.0,2.0,184.0,160.0
475000000.0,4,3.0,1.0,1.0,85.0,47.0
375000000.0,23,2.0,1.0,1.0,72.0,72.0
278000000.0,56,2.0,1.0,2.0,71.0,36.0
2000000000.0,13,3.0,2.0,1.0,210.0,225.0
2000000000.0,12,4.0,3.0,1.0,134.0,162.0
2000000000.0,12,4.0,3.0,1.0,158.0,200.0
1700000000.0,13,3.0,1.0,1.0,223.0,100.0
1750000000.0,39,4.0,3.0,1.0,163.0,220.0
1700000000.0,13,4.0,3.0,1.0,110.0,100.0
1600000000.0,12,3.0,2.0,1.0,104.0,160.0
1800000000.0,12,3.0,2.0,1.0,164.0,120.0
999000000.0,32,3.0,3.0,1.0,103.0,100.0
725000000.0,21,3.0,2.0,1.0,114.0,71.0
999000000.0,12,3.0,3.0,1.0,103.0,100.0
1600000000.0,9,3.0,3.0,1.0,146.0,120.0
750000000.0,59,3.0,2.0,1.0,102.0,70.0
999000000.0,40,3.0,3.0,1.0,103.0,100.0
725000000.0,16,3.0,2.0,2.0,114.0,71.0
1480000000.0,39,2.0,1.0,1.0,93.0,50.0
950000000.0,13,3.0,2.0,2.0,115.0,75.0
1500000000.0,13,3.0,2.0,1.0,112.0,80.0
690000000.0,58,3.0,1.0,1.0,138.0,138.0
1900000000.0,58,3.0,2.0,2.0,143.0,187.0
255000000.0,40,2.0,1.0,1.0,73.0,36.0
235000000.0,50,2.0,1.0,1.0,73.0,30.0
1100000000.0,1,3.0,3.0,1.0,112.0,103.0
1950000000.0,12,3.0,3.0,1.0,188.0,128.0
690000000.0,58,3.0,1.0,1.0,138.0,138.0
890000000.0,60,3.0,2.0,1.0,107.0,90.0
610000000.0,27,2.0,1.0,1.0,90.0,55.0
1950000000.0,12,3.0,2.0,1.0,128.0,188.0
615000000.0,60,3.0,1.0,1.0,167.0,130.0
785000000.0,13,2.0,2.0,1.0,96.0,65.0
400000000.0,27,2.0,1.0,1.0,80.0,45.0
610000000.0,27,2.0,1.0,1.0,90.0,55.0
2800000000.0,12,3.0,3.0,2.0,105.0,138.0
3200000000.0,36,4.0,3.0,1.0,143.0,180.0
1100000000.0,12,3.0,2.0,1.0,160.0,150.0
350000000.0,58,2.0,1.0,1.0,75.0,40.0
1400000000.0,12,3.0,2.0,1.0,174.0,150.0
435000000.0,13,2.0,1.0,1.0,101.0,45.0
357000000.0,50,2.0,1.0,1.0,99.0,36.0
725000000.0,51,3.0,2.0,1.0,87.0,80.0
961000000.0,39,3.0,3.0,2.0,107.0,80.0
750000000.0,39,2.0,1.0,1.0,111.0,76.0
560000000.0,23,2.0,2.0,1.0,104.0,75.0
665000000.0,23,3.0,2.0,1.0,125.0,60.0
1400000000.0,12,3.0,2.0,4.0,205.0,80.0
680000000.0,65,2.0,1.0,1.0,68.0,48.0
595000000.0,1,3.0,1.0,1.0,90.0,60.0
1500000000.0,40,3.0,3.0,1.0,150.0,145.0
750000000.0,60,3.0,2.0,1.0,130.0,60.0
1690000000.0,39,3.0,3.0,2.0,150.0,121.0
750000000.0,12,3.0,1.0,1.0,103.0,61.0
475000000.0,39,2.0,1.0,1.0,104.0,60.0
2300000000.0,12,3.0,3.0,2.0,126.0,130.0
299000000.0,39,2.0,1.0,1.0,88.0,36.0
2400000000.0,60,4.0,3.0,1.0,187.0,135.0
3100000000.0,12,3.0,3.0,1.0,120.0,213.0
2360000000.0,60,4.0,3.0,1.0,182.0,135.0
910000000.0,60,4.0,2.0,1.0,106.0,160.0
2480000000.0,60,4.0,3.0,1.0,196.0,136.0
2540000000.0,60,4.0,3.0,1.0,200.0,135.0
2400000000.0,60,4.0,3.0,1.0,187.0,135.0
2460000000.0,60,4.0,3.0,1.0,196.0,135.0
2430000000.0,60,4.0,3.0,1.0,192.0,135.0
2400000000.0,39,3.0,2.0,1.0,238.0,75.0
1300000000.0,65,2.0,2.0,1.0,134.0,80.0
1300000000.0,12,4.0,3.0,1.0,144.0,200.0
850000000.0,60,2.0,1.0,1.0,105.0,50.0
299000000.0,39,2.0,1.0,1.0,88.0,36.0
1780000000.0,32,4.0,3.0,1.0,118.0,160.0
299000000.0,39,2.0,1.0,1.0,88.0,36.0
499000000.0,13,2.0,1.0,1.0,141.0,56.0
660000000.0,54,2.0,1.0,1.0,96.0,45.0
750000000.0,61,3.0,2.0,1.0,120.0,60.0
300000000.0,20,2.0,1.0,1.0,66.0,36.0
1450000000.0,15,3.0,3.0,1.0,100.0,100.0
750000000.0,39,3.0,2.0,1.0,125.0,78.0
395000000.0,54,2.0,1.0,1.0,72.0,38.0
593000000.0,39,2.0,1.0,1.0,76.0,50.0
1870000000.0,4,3.0,2.0,2.0,150.0,110.0
2600000000.0,49,4.0,3.0,1.0,190.0,120.0
875000000.0,24,3.0,1.0,1.0,99.0,70.0
250000000.0,39,2.0,1.0,1.0,88.0,36.0
580000000.0,28,2.0,1.0,1.0,66.0,45.0
2600000000.0,15,3.0,2.0,1.0,200.0,190.0
1480000000.0,60,3.0,2.0,1.0,125.0,100.0
690000000.0,2,3.0,2.0,2.0,77.0,60.0
1820000000.0,67,3.0,2.0,1.0,140.0,158.0
730000000.0,51,3.0,2.0,1.0,100.0,85.0
808000000.0,48,3.0,2.0,2.0,78.0,70.0
675000000.0,48,2.0,1.0,2.0,85.0,45.0
690000000.0,2,3.0,2.0,2.0,77.0,60.0
750000000.0,12,3.0,1.0,1.0,61.0,103.0
850000000.0,65,2.0,1.0,1.0,90.0,70.0
1800000000.0,40,4.0,2.0,1.0,168.0,140.0
1100000000.0,33,1.0,1.0,4.0,149.0,70.0
1780000000.0,1,4.0,3.0,1.0,118.0,160.0
1780000000.0,1,4.0,3.0,1.0,118.0,160.0
850000000.0,39,3.0,2.0,1.0,107.0,80.0
2530000000.0,32,4.0,3.0,2.0,175.0,130.0
375000000.0,23,2.0,1.0,1.0,72.0,72.0
1450000000.0,32,4.0,3.0,2.0,125.0,100.0
1340000000.0,32,3.0,2.0,2.0,103.0,100.0
375000000.0,23,2.0,1.0,1.0,72.0,72.0
1380000000.0,60,3.0,2.0,1.0,107.0,100.0
1700000000.0,1,3.0,2.0,1.0,118.0,70.0
1650000000.0,12,3.0,3.0,1.0,130.0,130.0
520000000.0,36,2.0,1.0,1.0,90.0,50.0
1290000000.0,1,4.0,3.0,1.0,99.0,105.0
1290000000.0,1,4.0,3.0,1.0,99.0,105.0
645000000.0,1,3.0,1.0,1.0,93.0,60.0
645000000.0,1,3.0,1.0,1.0,93.0,60.0
235000000.0,4,2.0,1.0,1.0,73.0,30.0
1450000000.0,12,3.0,3.0,1.0,110.0,129.0
1820000000.0,27,3.0,2.0,1.0,140.0,158.0
1290000000.0,1,4.0,3.0,1.0,99.0,105.0
1290000000.0,1,4.0,3.0,1.0,99.0,105.0
1290000000.0,1,4.0,3.0,1.0,99.0,105.0
1290000000.0,1,4.0,3.0,1.0,99.0,105.0
592000000.0,36,2.0,1.0,1.0,104.0,50.0
2360000000.0,60,4.0,3.0,1.0,182.0,135.0
2700000000.0,61,4.0,3.0,1.0,213.0,135.0
1450000000.0,67,3.0,3.0,1.0,110.0,129.0
775000000.0,51,3.0,2.0,1.0,145.0,70.0
520000000.0,53,2.0,1.0,1.0,90.0,50.0
685000000.0,40,3.0,2.0,2.0,120.0,75.0
775000000.0,23,3.0,2.0,1.0,145.0,70.0
775000000.0,23,3.0,2.0,1.0,145.0,70.0
775000000.0,23,3.0,2.0,2.0,145.0,70.0
775000000.0,23,3.0,2.0,1.0,145.0,70.0
999000000.0,39,3.0,3.0,1.0,103.0,100.0
750000000.0,51,3.0,2.0,2.0,114.0,80.0
195000000.0,4,1.0,1.0,1.0,60.0,23.0
195000000.0,23,2.0,1.0,1.0,60.0,23.0
270000000.0,38,1.0,1.0,1.0,71.0,36.0
725000000.0,51,3.0,2.0,1.0,87.0,80.0
227000000.0,39,2.0,1.0,1.0,60.0,28.0
275000000.0,54,2.0,1.0,1.0,70.0,36.0
270000000.0,30,1.0,1.0,1.0,71.0,36.0
2430000000.0,60,4.0,3.0,1.0,196.0,135.0
2450000000.0,60,4.0,3.0,1.0,187.0,135.0
155000000.0,39,2.0,1.0,1.0,88.0,36.0
2900000000.0,61,4.0,3.0,2.0,189.0,220.0
1450000000.0,39,3.0,3.0,2.0,105.0,90.0
1250000000.0,39,3.0,2.0,2.0,161.0,90.0
270000000.0,66,2.0,1.0,1.0,71.0,36.0
699000000.0,40,3.0,2.0,1.0,120.0,75.0
699000000.0,40,3.0,2.0,1.0,120.0,75.0
699000000.0,40,3.0,2.0,2.0,120.0,75.0
585000000.0,23,3.0,1.0,1.0,111.0,55.0
278000000.0,56,2.0,1.0,2.0,71.0,36.0
270000000.0,66,1.0,1.0,1.0,71.0,36.0
379000000.0,39,2.0,1.0,1.0,94.0,36.0
2250000000.0,13,4.0,3.0,2.0,183.0,135.0
735000000.0,32,3.0,2.0,1.0,105.0,70.0
270000000.0,56,1.0,1.0,1.0,71.0,36.0
375000000.0,23,2.0,1.0,1.0,72.0,72.0
705000000.0,40,3.0,2.0,1.0,120.0,75.0
1290000000.0,1,4.0,3.0,2.0,99.0,105.0
166000000.0,50,2.0,1.0,1.0,60.0,30.0
775000000.0,51,3.0,2.0,2.0,145.0,75.0
1350000000.0,39,3.0,3.0,1.0,106.0,90.0
425000000.0,27,2.0,1.0,1.0,107.0,55.0
425000000.0,27,2.0,2.0,1.0,107.0,55.0
425000000.0,27,2.0,2.0,1.0,107.0,55.0
1370000000.0,32,4.0,3.0,2.0,183.0,168.0
299000000.0,39,2.0,1.0,1.0,88.0,36.0
689000000.0,40,3.0,2.0,2.0,120.0,77.0
2000000000.0,39,3.0,3.0,1.0,125.0,169.0
1500000000.0,13,3.0,3.0,1.0,125.0,200.0
450000000.0,13,2.0,1.0,1.0,83.0,50.0
425000000.0,27,2.0,2.0,1.0,107.0,55.0
575000000.0,60,3.0,1.0,1.0,100.0,70.0
435000000.0,2,2.0,1.0,1.0,90.0,45.0
399000000.0,35,2.0,1.0,1.0,100.0,45.0
410000000.0,2,2.0,1.0,1.0,80.0,42.0
335000000.0,2,2.0,1.0,1.0,60.0,36.0
260000000.0,42,2.0,1.0,1.0,88.0,40.0
757000000.0,40,2.0,1.0,1.0,95.0,57.0
425000000.0,27,2.0,2.0,1.0,107.0,55.0
897000000.0,12,3.0,2.0,1.0,107.0,91.0
850000000.0,61,2.0,2.0,1.0,98.0,105.0
650000000.0,61,3.0,2.0,1.0,98.0,75.0
760000000.0,61,4.0,2.0,1.0,132.0,90.0
1800000000.0,51,3.0,2.0,1.0,120.0,84.0
985000000.0,61,2.0,2.0,1.0,125.0,132.0
875000000.0,15,3.0,2.0,1.0,133.0,83.0
595000000.0,36,2.0,1.0,1.0,91.0,50.0
800000000.0,58,4.0,2.0,1.0,107.0,165.0
800000000.0,33,4.0,2.0,1.0,107.0,165.0
275000000.0,16,2.0,1.0,1.0,61.0,30.0
630000000.0,15,3.0,2.0,1.0,104.0,64.0
454000000.0,27,2.0,1.0,2.0,112.0,40.0
1940000000.0,36,3.0,3.0,2.0,102.0,138.0
278000000.0,67,2.0,1.0,2.0,71.0,36.0
1450000000.0,39,3.0,3.0,2.0,105.0,90.0
450000000.0,15,2.0,1.0,1.0,82.0,50.0
430000000.0,50,2.0,1.0,2.0,68.0,45.0
585000000.0,23,3.0,1.0,2.0,111.0,55.0
1790000000.0,13,3.0,2.0,1.0,108.0,110.0
665000000.0,23,3.0,2.0,1.0,120.0,60.0
900000000.0,39,3.0,2.0,1.0,128.0,120.0
1780000000.0,12,4.0,3.0,2.0,118.0,160.0
500000000.0,23,3.0,2.0,1.0,104.0,80.0
580000000.0,39,2.0,1.0,2.0,98.0,45.0
1080000000.0,39,3.0,3.0,2.0,85.0,98.0
278000000.0,13,2.0,1.0,2.0,71.0,36.0
1700000000.0,65,4.0,3.0,1.0,200.0,190.0
760000000.0,40,4.0,2.0,1.0,132.0,90.0
760000000.0,40,4.0,2.0,1.0,132.0,90.0
699000000.0,40,3.0,2.0,1.0,120.0,75.0
699000000.0,40,3.0,2.0,1.0,120.0,75.0
945000000.0,39,3.0,2.0,1.0,145.0,85.0
945000000.0,39,3.0,2.0,3.0,145.0,85.0
675000000.0,23,3.0,2.0,1.0,125.0,65.0
675000000.0,23,3.0,2.0,1.0,125.0,65.0
550000000.0,24,4.0,2.0,1.0,116.0,85.0
2500000000.0,39,4.0,3.0,2.0,169.0,200.0
875000000.0,40,4.0,2.0,2.0,139.0,120.0
1250000000.0,60,3.0,2.0,1.0,90.0,170.0
525000000.0,58,3.0,1.0,1.0,112.0,75.0
850000000.0,39,3.0,1.0,1.0,99.0,70.0
1290000000.0,36,3.0,2.0,1.0,100.0,115.0
750000000.0,51,4.0,2.0,1.0,114.0,83.0
575000000.0,51,3.0,2.0,1.0,100.0,80.0
799000000.0,40,4.0,2.0,1.0,110.0,150.0
590000000.0,51,3.0,2.0,1.0,88.0,110.0
495000000.0,40,2.0,1.0,1.0,72.0,72.0
69000000.0,32,3.0,2.0,1.0,120.0,80.0
495000000.0,20,3.0,1.0,1.0,50.0,168.0
200000000.0,37,2.0,1.0,1.0,60.0,30.0
265000000.0,27,2.0,1.0,1.0,60.0,36.0
529000000.0,48,2.0,1.0,2.0,110.0,52.0
789000000.0,48,3.0,2.0,1.0,75.0,70.0
550000000.0,63,2.0,1.0,1.0,104.0,45.0
2100000000.0,67,4.0,3.0,2.0,200.0,125.0
810000000.0,15,3.0,2.0,1.0,106.0,106.0
1650000000.0,39,3.0,3.0,2.0,230.0,67.0
650000000.0,27,3.0,1.0,1.0,114.0,58.0
1940000000.0,36,3.0,3.0,2.0,102.0,138.0
690000000.0,32,3.0,2.0,1.0,97.0,70.0
565000000.0,27,3.0,1.0,1.0,152.0,70.0
1400000000.0,65,3.0,2.0,1.0,134.0,200.0
700000000.0,23,3.0,1.0,1.0,108.0,85.0
1400000000.0,27,2.0,1.0,1.0,121.0,120.0
650000000.0,27,2.0,1.0,1.0,84.0,89.0
890000000.0,28,3.0,2.0,1.0,85.0,70.0
2430000000.0,60,4.0,3.0,1.0,192.0,135.0
2400000000.0,60,4.0,3.0,1.0,187.0,135.0
2490000000.0,60,4.0,3.0,1.0,200.0,135.0
2650000000.0,60,4.0,3.0,1.0,213.0,135.0
675000000.0,28,2.0,1.0,1.0,85.0,45.0
155000000.0,39,2.0,1.0,1.0,88.0,36.0
954000000.0,54,2.0,1.0,1.0,115.0,50.0
835000000.0,1,3.0,2.0,1.0,102.0,65.0
397000000.0,60,2.0,1.0,2.0,101.0,42.0
1200000000.0,51,3.0,3.0,1.0,90.0,107.0
1650000000.0,27,3.0,2.0,2.0,154.0,110.0
227000000.0,32,2.0,1.0,1.0,60.0,28.0
1850000000.0,40,3.0,2.0,2.0,116.0,115.0
325000000.0,2,2.0,1.0,1.0,74.0,50.0
475000000.0,54,2.0,1.0,1.0,78.0,36.0
650000000.0,54,2.0,1.0,1.0,85.0,48.0
455000000.0,54,2.0,1.0,1.0,45.0,83.0
795000000.0,13,3.0,2.0,2.0,141.0,130.0
1290000000.0,1,4.0,3.0,1.0,99.0,105.0
1300000000.0,15,3.0,3.0,1.0,77.0,130.0
2130000000.0,36,3.0,2.0,1.0,111.0,107.0
3370000000.0,36,3.0,3.0,3.0,166.0,135.0
685000000.0,60,3.0,2.0,1.0,100.0,70.0
3300000000.0,39,3.0,2.0,2.0,148.0,135.0
1290000000.0,1,4.0,3.0,1.0,99.0,105.0
885000000.0,40,4.0,2.0,2.0,142.0,110.0
1720000000.0,39,3.0,2.0,2.0,93.0,75.0
270000000.0,9,2.0,1.0,1.0,61.0,30.0
675000000.0,3,2.0,1.0,1.0,85.0,45.0
260000000.0,13,2.0,1.0,2.0,71.0,36.0
885000000.0,40,4.0,2.0,1.0,142.0,110.0
255000000.0,10,1.0,2.0,1.0,62.0,40.0
195000000.0,57,1.0,1.0,1.0,60.0,28.0
80000000.0,57,3.0,2.0,1.0,84.0,84.0
790000000.0,2,3.0,2.0,2.0,77.0,60.0
549000000.0,39,2.0,1.0,1.0,90.0,45.0
585000000.0,13,2.0,1.0,1.0,80.0,55.0
1700000000.0,39,3.0,3.0,1.0,96.0,70.0
280000000.0,68,2.0,1.0,1.0,100.0,100.0
350000000.0,37,2.0,1.0,2.0,103.0,50.0
598000000.0,4,2.0,1.0,1.0,90.0,40.0
675000000.0,2,2.0,1.0,1.0,85.0,45.0
1450000000.0,62,2.0,2.0,2.0,72.0,84.0
480000000.0,27,3.0,1.0,2.0,98.0,50.0
1950000000.0,12,3.0,3.0,1.0,128.0,188.0
2200000000.0,12,3.0,3.0,2.0,139.0,125.0
690000000.0,2,3.0,2.0,2.0,76.0,60.0
1800000000.0,1,3.0,2.0,2.0,150.0,110.0
850000000.0,12,3.0,2.0,1.0,100.0,80.0
556000000.0,4,2.0,1.0,1.0,84.0,46.0
1820000000.0,12,3.0,3.0,1.0,110.0,129.0
1390000000.0,39,3.0,2.0,1.0,103.0,90.0
435000000.0,2,2.0,1.0,1.0,90.0,45.0
1350000000.0,60,3.0,2.0,1.0,103.0,100.0
1350000000.0,60,3.0,2.0,1.0,103.0,100.0
495000000.0,20,3.0,1.0,3.0,168.0,50.0
1350000000.0,60,3.0,2.0,1.0,103.0,100.0
270000000.0,50,2.0,1.0,1.0,61.0,30.0
1450000000.0,1,3.0,2.0,1.0,92.0,97.0
2230000000.0,60,4.0,3.0,1.0,186.0,125.0
2190000000.0,60,4.0,3.0,1.0,182.0,125.0
2290000000.0,60,4.0,3.0,1.0,196.0,125.0
2260000000.0,60,4.0,3.0,1.0,192.0,125.0
2320000000.0,60,4.0,3.0,1.0,200.0,125.0
1650000000.0,39,3.0,3.0,2.0,230.0,67.0
1650000000.0,39,3.0,3.0,2.0,230.0,67.0
750000000.0,13,1.0,2.0,1.0,118.0,90.0
260000000.0,13,2.0,1.0,1.0,71.0,36.0
260000000.0,56,2.0,1.0,2.0,71.0,36.0
260000000.0,56,2.0,1.0,2.0,71.0,36.0
350000000.0,56,1.0,1.0,1.0,71.0,36.0
1820000000.0,13,3.0,2.0,1.0,140.0,158.0
1480000000.0,4,3.0,2.0,2.0,125.0,100.0
1820000000.0,21,3.0,2.0,1.0,140.0,158.0
2250000000.0,13,4.0,3.0,2.0,183.0,135.0
350000000.0,60,2.0,1.0,1.0,104.0,50.0
1290000000.0,1,4.0,3.0,1.0,99.0,105.0
411000000.0,50,2.0,1.0,1.0,85.0,36.0
270000000.0,56,1.0,1.0,1.0,71.0,36.0
850000000.0,65,3.0,3.0,2.0,70.0,70.0
870000000.0,1,3.0,2.0,1.0,89.0,76.0
592000000.0,36,2.0,1.0,1.0,104.0,50.0
270000000.0,50,2.0,1.0,1.0,61.0,30.0
350000000.0,45,2.0,1.0,1.0,81.0,45.0
325000000.0,45,2.0,1.0,1.0,74.0,50.0
1600000000.0,27,4.0,2.0,1.0,109.0,190.0
1940000000.0,36,3.0,3.0,1.0,138.0,102.0
250000000.0,39,2.0,1.0,1.0,88.0,36.0
595000000.0,1,3.0,1.0,2.0,93.0,60.0
299000000.0,39,2.0,1.0,1.0,88.0,36.0
385000000.0,27,2.0,1.0,1.0,107.0,36.0
155000000.0,39,2.0,1.0,1.0,88.0,36.0
610000000.0,60,3.0,1.0,1.0,167.0,130.0
385000000.0,27,2.0,1.0,1.0,107.0,36.0
645000000.0,1,3.0,1.0,1.0,93.0,60.0
200000000.0,39,2.0,1.0,1.0,88.0,36.0
645000000.0,1,3.0,1.0,1.0,93.0,60.0
1100000000.0,39,2.0,2.0,1.0,112.0,85.0
395000000.0,50,2.0,1.0,1.0,75.0,45.0
370000000.0,39,2.0,1.0,1.0,94.0,36.0
255000000.0,56,2.0,1.0,1.0,71.0,36.0
395000000.0,50,2.0,1.0,1.0,75.0,45.0
615000000.0,60,3.0,1.0,1.0,167.0,130.0
600000000.0,23,2.0,2.0,1.0,120.0,53.0
600000000.0,23,2.0,2.0,1.0,120.0,53.0
700000000.0,51,3.0,1.0,1.0,108.0,85.0
700000000.0,23,3.0,1.0,1.0,108.0,85.0
500000000.0,23,2.0,2.0,1.0,112.0,48.0
550000000.0,23,2.0,1.0,1.0,102.0,45.0
299000000.0,39,2.0,1.0,1.0,88.0,36.0
155000000.0,39,2.0,1.0,1.0,88.0,36.0
200000000.0,39,2.0,1.0,1.0,88.0,36.0
445000000.0,46,3.0,2.0,1.0,83.0,50.0
162000000.0,0,2.0,1.0,1.0,60.0,30.0
299000000.0,20,2.0,1.0,1.0,66.0,36.0
645000000.0,1,3.0,1.0,1.0,93.0,60.0
550000000.0,27,3.0,2.0,1.0,95.0,70.0
765000000.0,23,3.0,2.0,1.0,118.0,80.0
1470000000.0,12,4.0,3.0,1.0,178.0,131.0
730000000.0,23,3.0,2.0,1.0,100.0,80.0
1490000000.0,12,4.0,3.0,1.0,126.0,170.0
498000000.0,15,3.0,2.0,1.0,90.0,65.0
775000000.0,12,3.0,2.0,1.0,145.0,80.0
1750000000.0,39,3.0,2.0,1.0,162.0,160.0
835000000.0,12,3.0,1.0,1.0,93.0,75.0
2500000000.0,32,4.0,3.0,2.0,123.0,200.0
2200000000.0,9,3.0,3.0,2.0,139.0,125.0
850000000.0,39,3.0,1.0,1.0,99.0,70.0
700000000.0,51,3.0,1.0,1.0,108.0,85.0
645000000.0,1,3.0,1.0,1.0,93.0,60.0
1150000000.0,67,2.0,1.0,1.0,93.0,65.0
990000000.0,13,3.0,2.0,1.0,120.0,120.0
897000000.0,39,3.0,2.0,1.0,107.0,91.0
700000000.0,23,3.0,1.0,1.0,108.0,85.0
700000000.0,23,3.0,1.0,1.0,108.0,85.0
835000000.0,1,3.0,2.0,1.0,102.0,65.0
550000000.0,39,2.0,1.0,1.0,100.0,50.0
835000000.0,9,3.0,1.0,1.0,95.0,75.0
410000000.0,54,2.0,1.0,1.0,88.0,50.0
689000000.0,40,3.0,2.0,1.0,120.0,75.0
1170000000.0,39,3.0,2.0,1.0,115.0,90.0
765000000.0,51,3.0,2.0,1.0,145.0,85.0
730000000.0,51,3.0,2.0,1.0,100.0,80.0
1940000000.0,32,3.0,2.0,2.0,150.0,110.0
1380000000.0,23,3.0,2.0,2.0,107.0,100.0
585000000.0,60,3.0,2.0,1.0,81.0,81.0
825000000.0,40,3.0,2.0,1.0,120.0,80.0
1600000000.0,39,3.0,3.0,1.0,122.0,200.0
760000000.0,40,3.0,2.0,1.0,107.0,100.0
685000000.0,39,3.0,2.0,1.0,98.0,75.0
1850000000.0,40,3.0,2.0,2.0,116.0,115.0
475000000.0,15,2.0,1.0,1.0,90.0,50.0
275000000.0,30,2.0,1.0,1.0,71.0,36.0
550000000.0,7,2.0,1.0,1.0,125.0,45.0
275000000.0,56,2.0,1.0,1.0,71.0,36.0
910000000.0,60,4.0,2.0,1.0,106.0,160.0
2400000000.0,39,3.0,2.0,1.0,238.0,75.0
1300000000.0,65,2.0,2.0,1.0,134.0,80.0
1300000000.0,12,4.0,3.0,1.0,144.0,200.0
850000000.0,60,2.0,1.0,1.0,105.0,50.0
890000000.0,28,3.0,2.0,1.0,85.0,70.0
270000000.0,23,2.0,1.0,1.0,61.0,30.0
699000000.0,1,3.0,1.0,1.0,99.0,60.0
555000000.0,60,3.0,2.0,2.0,105.0,65.0
680000000.0,23,3.0,1.0,1.0,97.0,65.0
675000000.0,3,2.0,1.0,1.0,85.0,45.0
765000000.0,23,3.0,2.0,1.0,118.0,80.0
756000000.0,39,3.0,2.0,2.0,104.0,60.0
1940000000.0,32,3.0,2.0,2.0,150.0,110.0
519000000.0,53,2.0,1.0,1.0,90.0,50.0
945000000.0,39,3.0,2.0,1.0,137.0,100.0
2280000000.0,13,4.0,3.0,2.0,182.0,135.0
495000000.0,4,2.0,1.0,1.0,45.0,85.0
475000000.0,58,2.0,1.0,1.0,80.0,45.0
999000000.0,32,3.0,3.0,1.0,103.0,100.0
1270000000.0,1,3.0,2.0,1.0,91.0,100.0
645000000.0,1,3.0,1.0,1.0,93.0,60.0
260000000.0,56,2.0,1.0,2.0,72.0,36.0
1270000000.0,1,3.0,2.0,1.0,91.0,100.0
1270000000.0,1,3.0,2.0,1.0,91.0,103.0
1270000000.0,1,3.0,3.0,1.0,91.0,100.0
255000000.0,13,2.0,1.0,1.0,71.0,36.0
2109999999.9999998,36,3.0,2.0,1.0,110.0,107.0
3870000000.0,36,3.0,3.0,2.0,204.0,142.0
3230000000.0,36,3.0,3.0,2.0,153.0,135.0
775000000.0,39,3.0,2.0,2.0,136.0,90.0
450000000.0,15,2.0,1.0,1.0,82.0,50.0
825000000.0,40,3.0,2.0,1.0,163.0,90.0
1450000000.0,12,3.0,3.0,1.0,110.0,129.0
885000000.0,39,4.0,2.0,2.0,142.0,110.0
2300000000.0,36,4.0,3.0,1.0,130.0,220.0
1820000000.0,67,3.0,2.0,1.0,140.0,158.0
775000000.0,13,2.0,2.0,1.0,118.0,100.0
690000000.0,2,3.0,2.0,2.0,78.0,60.0
260000000.0,56,2.0,1.0,2.0,72.0,36.0
1650000000.0,40,3.0,3.0,1.0,130.0,130.0
255000000.0,4,1.0,2.0,1.0,62.0,40.0
2300000000.0,36,4.0,3.0,1.0,130.0,220.0
2300000000.0,36,4.0,3.0,1.0,120.0,220.0
357000000.0,4,2.0,1.0,1.0,132.0,36.0
470000000.0,27,2.0,1.0,1.0,120.0,40.0
270000000.0,32,2.0,1.0,1.0,61.0,30.0
280000000.0,9,2.0,1.0,1.0,80.0,32.0
700000000.0,23,3.0,1.0,1.0,108.0,85.0
490000000.0,54,2.0,1.0,1.0,84.0,45.0
490000000.0,54,2.0,1.0,1.0,84.0,45.0
897000000.0,12,3.0,2.0,1.0,107.0,91.0
765000000.0,51,3.0,1.0,2.0,118.0,80.0
475000000.0,1,2.0,1.0,1.0,73.0,60.0
470000000.0,4,2.0,1.0,1.0,90.0,53.0
260000000.0,56,2.0,1.0,2.0,72.0,36.0
275000000.0,54,2.0,1.0,1.0,129.0,50.0
407000000.0,60,2.0,1.0,1.0,108.0,42.0
407000000.0,60,2.0,1.0,1.0,108.0,42.0
1100000000.0,40,2.0,1.0,1.0,165.0,100.0
235000000.0,40,2.0,1.0,1.0,73.0,30.0
875000000.0,51,3.0,2.0,1.0,85.0,70.0
875000000.0,65,3.0,1.0,1.0,90.0,64.0
680000000.0,39,2.0,2.0,2.0,91.0,51.0
845000000.0,40,3.0,2.0,1.0,164.0,90.0
2109999999.9999998,61,3.0,2.0,1.0,110.0,107.0
3870000000.0,61,3.0,3.0,2.0,204.0,142.0
3230000000.0,61,3.0,3.0,2.0,153.0,135.0
410000000.0,54,2.0,1.0,1.0,88.0,50.0
235000000.0,65,2.0,1.0,1.0,73.0,30.0
440000000.0,20,2.0,1.0,1.0,88.0,50.0
1170000000.0,39,3.0,2.0,1.0,115.0,90.0
670000000.0,12,3.0,2.0,1.0,136.0,80.0
2000000000.0,23,3.0,3.0,1.0,125.0,180.0
550000000.0,23,3.0,1.0,3.0,60.0,101.0
1250000000.0,24,3.0,2.0,2.0,180.0,90.0
559000000.0,4,2.0,1.0,1.0,84.0,46.0
550000000.0,58,2.0,1.0,1.0,85.0,45.0
1950000000.0,40,3.0,2.0,1.0,116.0,115.0
550000000.0,58,2.0,1.0,1.0,85.0,45.0
675000000.0,1,2.0,2.0,1.0,82.0,160.0
1600000000.0,1,3.0,3.0,1.0,92.0,97.0
999000000.0,12,3.0,3.0,1.0,103.0,100.0
350000000.0,45,2.0,1.0,1.0,81.0,45.0
450000000.0,20,2.0,1.0,1.0,75.0,50.0
200000000.0,37,2.0,1.0,1.0,60.0,30.0
485000000.0,20,2.0,1.0,1.0,75.0,50.0
640000000.0,39,2.0,1.0,1.0,91.0,50.0
485000000.0,20,2.0,1.0,1.0,75.0,50.0
849000000.0,36,3.0,2.0,1.0,111.0,60.0
415000000.0,27,2.0,1.0,1.0,77.0,45.0
415000000.0,27,2.0,1.0,1.0,77.0,45.0
545000000.0,39,2.0,1.0,1.0,85.0,45.0
545000000.0,39,2.0,1.0,1.0,85.0,45.0
698000000.0,23,2.0,1.0,1.0,106.0,55.0
698000000.0,23,2.0,1.0,1.0,106.0,55.0
650000000.0,15,3.0,1.0,1.0,100.0,10.0
720000000.0,23,3.0,2.0,1.0,87.0,80.0
720000000.0,23,3.0,2.0,1.0,87.0,80.0
850000000.0,4,2.0,1.0,1.0,125.0,52.0
350000000.0,37,2.0,1.0,1.0,104.0,50.0
775000000.0,23,3.0,2.0,1.0,145.0,70.0
775000000.0,23,3.0,2.0,1.0,145.0,70.0
560000000.0,19,3.0,1.0,1.0,82.0,45.0
450000000.0,27,2.0,2.0,1.0,54.0,103.0
480000000.0,13,2.0,1.0,1.0,108.0,42.0
575000000.0,23,2.0,2.0,1.0,100.0,80.0
756000000.0,40,3.0,2.0,1.0,110.0,70.0
730000000.0,23,3.0,2.0,1.0,100.0,80.0
765000000.0,12,3.0,2.0,1.0,103.0,70.0
2000000000.0,27,3.0,2.0,1.0,120.0,100.0
650000000.0,12,3.0,2.0,1.0,75.0,70.0
580000000.0,28,2.0,1.0,1.0,66.0,45.0
961000000.0,39,3.0,3.0,1.0,107.0,80.0
800000000.0,58,3.0,2.0,1.0,154.0,60.0
756000000.0,36,3.0,1.0,2.0,95.0,57.0
775000000.0,40,3.0,2.0,1.0,113.0,85.0
689000000.0,40,3.0,2.0,2.0,120.0,75.0
875000000.0,65,4.0,2.0,1.0,122.0,110.0
880000000.0,9,3.0,2.0,1.0,104.0,100.0
775000000.0,65,2.0,1.0,1.0,80.0,50.0
449000000.0,54,2.0,1.0,1.0,82.0,45.0
1350000000.0,39,3.0,3.0,2.0,100.0,90.0
1150000000.0,39,3.0,2.0,1.0,130.0,90.0
550000000.0,27,3.0,2.0,1.0,88.0,45.0
450000000.0,54,2.0,1.0,1.0,81.0,36.0
580000000.0,58,3.0,2.0,1.0,126.0,75.0
1850000000.0,40,3.0,2.0,2.0,116.0,115.0
2200000000.0,9,3.0,3.0,1.0,135.0,125.0
1950000000.0,12,3.0,3.0,1.0,128.0,188.0
445000000.0,46,3.0,2.0,1.0,83.0,50.0
775000000.0,23,3.0,2.0,1.0,145.0,70.0
799000000.0,36,3.0,2.0,1.0,111.0,60.0
1950000000.0,12,3.0,3.0,1.0,128.0,118.0
1790000000.0,12,4.0,3.0,1.0,119.0,160.0
1950000000.0,12,3.0,3.0,1.0,128.0,188.0
2500000000.0,12,4.0,3.0,1.0,123.0,200.0
1500000000.0,13,3.0,2.0,1.0,112.0,80.0
765000000.0,12,3.0,2.0,1.0,120.0,82.0
850000000.0,13,3.0,2.0,1.0,98.0,100.0
594000000.0,61,2.0,1.0,1.0,79.0,40.0
1500000000.0,13,3.0,2.0,1.0,112.0,80.0
454000000.0,27,2.0,1.0,2.0,112.0,40.0
1400000000.0,12,3.0,2.0,1.0,174.0,150.0
1350000000.0,60,3.0,1.0,1.0,103.0,100.0
1100000000.0,3,3.0,2.0,1.0,160.0,150.0
260000000.0,56,2.0,1.0,2.0,72.0,36.0
1350000000.0,60,3.0,2.0,1.0,103.0,100.0
645000000.0,1,3.0,2.0,1.0,93.0,60.0
594000000.0,60,2.0,1.0,1.0,79.0,40.0
1850000000.0,32,3.0,3.0,2.0,150.0,110.0
910000000.0,60,4.0,2.0,1.0,106.0,160.0
1500000000.0,13,3.0,2.0,1.0,135.0,75.0
1300000000.0,13,2.0,1.0,1.0,135.0,130.0
1250000000.0,39,3.0,2.0,1.0,133.0,120.0
1400000000.0,12,3.0,2.0,1.0,113.0,120.0
1100000000.0,13,2.0,1.0,1.0,150.0,66.0
1290000000.0,39,4.0,3.0,1.0,109.0,100.0
260000000.0,56,2.0,1.0,1.0,72.0,36.0
270000000.0,23,2.0,1.0,1.0,61.0,30.0
1100000000.0,49,3.0,1.0,2.0,110.0,85.0
500000000.0,27,2.0,1.0,1.0,88.0,55.0
1300000000.0,40,3.0,2.0,1.0,140.0,114.0
675000000.0,23,3.0,2.0,1.0,125.0,65.0
675000000.0,23,3.0,2.0,1.0,125.0,65.0
1950000000.0,9,3.0,3.0,1.0,128.0,188.0
675000000.0,23,3.0,2.0,1.0,125.0,65.0
520000000.0,60,2.0,1.0,1.0,90.0,50.0
889000000.0,28,3.0,2.0,1.0,85.0,70.0
650000000.0,54,2.0,1.0,1.0,108.0,45.0
675000000.0,23,3.0,2.0,1.0,125.0,65.0
450000000.0,53,2.0,1.0,1.0,83.0,50.0
674000000.0,60,3.0,2.0,2.0,125.0,65.0
1450000000.0,12,3.0,3.0,1.0,110.0,129.0
450000000.0,15,2.0,1.0,1.0,83.0,50.0
825000000.0,40,3.0,2.0,1.0,163.0,90.0
1250000000.0,1,4.0,3.0,2.0,99.0,105.0
399000000.0,54,2.0,1.0,1.0,83.0,45.0
399000000.0,54,2.0,1.0,1.0,83.0,45.0
725000000.0,39,2.0,1.0,1.0,114.0,71.0
558000000.0,54,3.0,2.0,1.0,73.0,48.0
1450000000.0,15,3.0,3.0,1.0,100.0,100.0
558000000.0,54,3.0,2.0,1.0,73.0,48.0
735000000.0,32,3.0,2.0,1.0,105.0,70.0
2130000000.0,36,3.0,2.0,1.0,111.0,107.0
3370000000.0,36,3.0,3.0,2.0,166.0,135.0
698000000.0,40,3.0,2.0,2.0,120.0,75.0
950000000.0,51,3.0,2.0,1.0,141.0,150.0
255000000.0,40,2.0,1.0,1.0,73.0,36.0
747000000.0,61,3.0,2.0,1.0,62.0,119.0
667000000.0,23,2.0,1.0,1.0,100.0,47.0
1770000000.0,39,3.0,3.0,1.0,157.0,189.0
850000000.0,61,3.0,2.0,1.0,107.0,70.0
884000000.0,32,4.0,2.0,2.0,142.0,110.0
775000000.0,40,3.0,2.0,1.0,113.0,85.0
775000000.0,40,3.0,2.0,1.0,113.0,85.0
2200000000.0,9,3.0,3.0,2.0,139.0,125.0
1380000000.0,60,3.0,2.0,1.0,107.0,100.0
1920000000.0,23,3.0,3.0,2.0,150.0,110.0
1310000000.0,36,4.0,2.0,1.0,101.0,110.0
328000000.0,56,2.0,1.0,1.0,71.0,36.0
756000000.0,39,3.0,1.0,2.0,104.0,60.0
2200000000.0,12,3.0,3.0,2.0,139.0,125.0
2200000000.0,12,3.0,3.0,2.0,139.0,125.0
775000000.0,40,3.0,2.0,2.0,113.0,85.0
2500000000.0,12,4.0,3.0,1.0,123.0,200.0
2500000000.0,12,4.0,3.0,1.0,123.0,200.0
2100000000.0,32,3.0,3.0,1.0,120.0,185.0
550000000.0,12,3.0,1.0,1.0,104.0,100.0
715000000.0,27,2.0,2.0,1.0,92.0,55.0
715000000.0,27,2.0,2.0,1.0,92.0,55.0
556000000.0,4,2.0,1.0,1.0,84.0,46.0
920000000.0,1,3.0,3.0,1.0,107.0,121.0
1650000000.0,12,3.0,3.0,2.0,130.0,130.0
1480000000.0,60,3.0,2.0,1.0,125.0,100.0
2360000000.0,36,4.0,3.0,1.0,141.0,120.0
920000000.0,1,3.0,3.0,1.0,107.0,121.0
475000000.0,58,2.0,1.0,1.0,80.0,45.0
260000000.0,50,2.0,1.0,1.0,70.0,32.0
335000000.0,27,2.0,1.0,1.0,75.0,45.0
890000000.0,28,3.0,2.0,1.0,85.0,70.0
470000000.0,4,2.0,1.0,1.0,90.0,53.0
470000000.0,4,2.0,1.0,1.0,90.0,53.0
1950000000.0,12,3.0,3.0,1.0,128.0,188.0
775000000.0,13,3.0,2.0,2.0,80.0,78.0
885000000.0,40,4.0,2.0,2.0,145.0,110.0
885000000.0,40,4.0,2.0,2.0,142.0,110.0
2200000000.0,12,3.0,3.0,2.0,139.0,125.0
2200000000.0,12,3.0,3.0,2.0,139.0,125.0
757000000.0,39,2.0,1.0,1.0,95.0,60.0
2500000000.0,12,4.0,3.0,1.0,123.0,200.0
750000000.0,23,2.0,2.0,1.0,100.0,74.0
2500000000.0,12,4.0,3.0,1.0,123.0,200.0
900000000.0,15,3.0,2.0,1.0,207.0,150.0
961000000.0,39,3.0,3.0,2.0,107.0,80.0
1350000000.0,39,3.0,3.0,2.0,106.0,90.0
1600000000.0,1,3.0,3.0,1.0,97.0,97.0
475000000.0,2,3.0,2.0,1.0,101.0,70.0
535000000.0,58,3.0,2.0,1.0,100.0,60.0
465000000.0,2,3.0,1.0,2.0,147.0,54.0
950000000.0,23,3.0,2.0,1.0,141.0,150.0
250000000.0,20,2.0,1.0,1.0,97.0,36.0
465000000.0,2,3.0,1.0,1.0,147.0,54.0
250000000.0,20,2.0,1.0,1.0,76.0,36.0
155000000.0,39,2.0,1.0,1.0,88.0,36.0
155000000.0,39,2.0,1.0,1.0,88.0,36.0
593000000.0,27,3.0,2.0,1.0,91.0,36.0
1500000000.0,65,3.0,2.0,2.0,112.0,130.0
295000000.0,13,1.0,1.0,1.0,107.0,25.0
1500000000.0,32,4.0,3.0,2.0,120.0,150.0
495000000.0,23,2.0,1.0,1.0,107.0,43.0
2400000000.0,36,3.0,3.0,1.0,199.0,120.0
1100000000.0,39,3.0,2.0,1.0,180.0,120.0
520000000.0,23,3.0,1.0,1.0,85.0,45.0
650000000.0,39,3.0,2.0,1.0,96.0,60.0
595000000.0,1,3.0,1.0,1.0,93.0,60.0
1300000000.0,21,4.0,2.0,1.0,181.0,150.0
750000000.0,40,3.0,1.0,1.0,103.0,61.0
775000000.0,23,3.0,2.0,1.0,145.0,70.0
675000000.0,23,3.0,2.0,1.0,125.0,65.0
1850000000.0,40,3.0,2.0,2.0,116.0,115.0
698000000.0,51,2.0,1.0,1.0,106.0,55.0
835000000.0,1,3.0,2.0,1.0,102.0,65.0
835000000.0,1,3.0,2.0,1.0,102.0,65.0
735000000.0,40,3.0,2.0,1.0,105.0,70.0
735000000.0,40,3.0,2.0,1.0,105.0,70.0
799000000.0,36,3.0,2.0,1.0,111.0,60.0
799000000.0,36,3.0,2.0,1.0,111.0,60.0
580000000.0,40,2.0,1.0,1.0,151.0,54.0
698000000.0,23,2.0,1.0,1.0,106.0,55.0
698000000.0,23,2.0,1.0,1.0,106.0,55.0
720000000.0,23,3.0,2.0,1.0,87.0,80.0
720000000.0,23,3.0,2.0,1.0,87.0,80.0
500000000.0,23,3.0,2.0,1.0,104.0,80.0
500000000.0,23,3.0,2.0,1.0,104.0,80.0
345000000.0,54,2.0,1.0,1.0,80.0,36.0
1500000000.0,27,2.0,2.0,1.0,195.0,85.0
720000000.0,39,2.0,1.0,2.0,91.0,50.0
720000000.0,39,2.0,1.0,2.0,91.0,50.0
835000000.0,9,3.0,1.0,1.0,95.0,75.0
1850000000.0,12,3.0,2.0,2.0,116.0,115.0
756000000.0,39,2.0,1.0,2.0,95.0,57.0
756000000.0,39,2.0,1.0,2.0,95.0,57.0
250000000.0,48,2.0,1.0,1.0,60.0,30.0
250000000.0,48,2.0,1.0,1.0,60.0,30.0
666000000.0,13,2.0,1.0,1.0,87.0,55.0
2200000000.0,36,2.0,2.0,1.0,174.0,100.0
950000000.0,51,3.0,2.0,1.0,141.0,150.0
680000000.0,23,3.0,1.0,1.0,97.0,65.0
1470000000.0,32,3.0,3.0,1.0,178.0,131.0
399000000.0,64,2.0,1.0,1.0,90.0,36.0
299000000.0,39,2.0,1.0,1.0,88.0,36.0
299000000.0,39,2.0,1.0,1.0,88.0,36.0
4000000000.0,29,3.0,3.0,1.0,183.0,104.0
1770000000.0,39,3.0,3.0,1.0,121.0,150.0
315000000.0,54,2.0,1.0,1.0,36.0,100.0
750000000.0,50,3.0,2.0,2.0,185.0,77.0
535000000.0,58,3.0,2.0,1.0,100.0,60.0
270000000.0,23,2.0,1.0,1.0,61.0,30.0
799000000.0,36,3.0,2.0,1.0,111.0,60.0
227000000.0,9,2.0,1.0,1.0,60.0,28.0
245000000.0,23,2.0,1.0,1.0,75.0,36.0
592000000.0,50,2.0,1.0,1.0,90.0,36.0
250000000.0,39,2.0,1.0,1.0,88.0,36.0
1260000000.0,16,3.0,3.0,2.0,103.0,90.0
3000000000.0,12,3.0,3.0,1.0,200.0,145.0
850000000.0,32,3.0,2.0,1.0,112.0,95.0
725000000.0,36,2.0,1.0,1.0,114.0,71.0
499000000.0,60,2.0,1.0,1.0,120.0,36.0
1650000000.0,15,4.0,3.0,2.0,103.0,160.0
890000000.0,41,3.0,2.0,1.0,85.0,45.0
1270000000.0,1,3.0,2.0,2.0,91.0,100.0
725000000.0,7,3.0,2.0,1.0,71.0,114.0
1900000000.0,54,2.0,1.0,1.0,180.0,66.0
1700000000.0,39,3.0,3.0,2.0,100.0,135.0
1400000000.0,61,3.0,1.0,1.0,120.0,90.0
1450000000.0,12,3.0,2.0,2.0,80.0,100.0
756000000.0,39,3.0,2.0,2.0,104.0,60.0
735000000.0,39,3.0,2.0,1.0,70.0,105.0
640000000.0,39,2.0,1.0,1.0,95.0,50.0
820000000.0,51,3.0,2.0,1.0,109.0,70.0
999000000.0,40,3.0,3.0,1.0,100.0,103.0
155000000.0,39,2.0,1.0,1.0,88.0,36.0
885000000.0,32,4.0,2.0,2.0,142.0,110.0
789000000.0,39,2.0,1.0,1.0,93.0,45.0
775000000.0,32,3.0,2.0,2.0,132.0,90.0
450000000.0,15,2.0,1.0,1.0,82.0,50.0
1850000000.0,27,4.0,3.0,1.0,149.0,220.0
1450000000.0,12,3.0,3.0,1.0,110.0,129.0
445000000.0,46,3.0,2.0,1.0,83.0,50.0
699000000.0,39,3.0,2.0,2.0,117.0,85.0
445000000.0,46,3.0,2.0,1.0,83.0,50.0
450000000.0,15,2.0,1.0,1.0,83.0,50.0
999000000.0,39,3.0,2.0,2.0,137.0,100.0
1820000000.0,13,3.0,3.0,1.0,140.0,158.0
668000000.0,32,3.0,2.0,2.0,120.0,75.0
599000000.0,28,2.0,1.0,1.0,90.0,40.0
775000000.0,51,3.0,2.0,2.0,145.0,80.0
2490000000.0,32,3.0,3.0,2.0,123.0,200.0
750000000.0,39,2.0,2.0,1.0,99.0,60.0
1650000000.0,12,3.0,3.0,1.0,130.0,130.0
849000000.0,39,3.0,2.0,2.0,120.0,85.0
595000000.0,23,3.0,1.0,2.0,103.0,50.0
595000000.0,23,3.0,1.0,2.0,103.0,50.0
1400000000.0,60,4.0,2.0,1.0,150.0,200.0
775000000.0,40,3.0,2.0,2.0,113.0,85.0
1650000000.0,2,4.0,3.0,1.0,113.0,200.0
775000000.0,40,3.0,2.0,2.0,113.0,85.0
1450000000.0,40,3.0,2.0,2.0,100.0,85.0
1450000000.0,40,3.0,2.0,2.0,100.0,85.0
450000000.0,1,2.0,1.0,2.0,103.0,45.0
895000000.0,23,3.0,2.0,1.0,85.0,70.0
2290000000.0,36,3.0,2.0,2.0,130.0,90.0
1250000000.0,15,3.0,3.0,1.0,110.0,110.0
562000000.0,60,2.0,1.0,1.0,53.0,92.0
725000000.0,60,3.0,2.0,2.0,114.0,71.0
700000000.0,23,2.0,1.0,1.0,94.0,45.0
2300000000.0,36,3.0,3.0,1.0,123.0,160.0
1900000000.0,39,2.0,1.0,1.0,198.0,190.0
1820000000.0,67,3.0,2.0,1.0,140.0,158.0
1250000000.0,22,4.0,3.0,1.0,108.0,180.0
675000000.0,13,3.0,2.0,1.0,108.0,60.0
1900000000.0,39,4.0,2.0,2.0,162.0,120.0
335000000.0,27,2.0,1.0,1.0,75.0,45.0
1470000000.0,17,3.0,2.0,1.0,175.0,150.0
270000000.0,23,2.0,1.0,1.0,61.0,30.0
880000000.0,12,3.0,2.0,1.0,104.0,100.0
245000000.0,4,2.0,1.0,1.0,75.0,36.0
850000000.0,54,2.0,1.0,1.0,143.0,70.0
430000000.0,54,2.0,1.0,2.0,81.0,36.0
500000000.0,61,2.0,1.0,1.0,80.0,45.0
2200000000.0,12,3.0,3.0,2.0,139.0,125.0
350000000.0,58,2.0,1.0,1.0,75.0,40.0
440000000.0,20,2.0,1.0,1.0,88.0,50.0
345000000.0,27,2.0,1.0,1.0,106.0,47.0
407000000.0,48,2.0,1.0,1.0,80.0,45.0
349000000.0,31,2.0,1.0,1.0,74.0,40.0
750000000.0,40,3.0,1.0,1.0,103.0,61.0
2200000000.0,12,3.0,3.0,1.0,139.0,125.0
298000000.0,42,2.0,1.0,1.0,61.0,40.0
1520000000.0,39,4.0,2.0,2.0,99.0,150.0
298000000.0,42,2.0,1.0,1.0,61.0,40.0
520000000.0,53,2.0,1.0,1.0,90.0,50.0
1700000000.0,39,2.0,1.0,1.0,114.0,114.0
487000000.0,7,3.0,1.0,1.0,95.0,61.0
999000000.0,15,3.0,1.0,1.0,145.0,120.0
480000000.0,53,3.0,1.0,1.0,92.0,59.0
2600000000.0,9,3.0,2.0,1.0,126.0,160.0
532000000.0,15,3.0,1.0,2.0,91.0,53.0
2500000000.0,12,4.0,3.0,1.0,123.0,200.0
555000000.0,53,3.0,1.0,2.0,114.0,53.0
835000000.0,1,3.0,2.0,1.0,102.0,65.0
530000000.0,36,3.0,1.0,2.0,90.0,53.0
520000000.0,15,2.0,1.0,1.0,90.0,50.0
365000000.0,45,2.0,1.0,1.0,100.0,45.0
735000000.0,40,3.0,2.0,1.0,105.0,70.0
1800000000.0,40,4.0,2.0,1.0,168.0,140.0
685000000.0,61,3.0,2.0,1.0,120.0,77.0
750000000.0,61,3.0,2.0,1.0,120.0,85.0
775000000.0,40,3.0,2.0,2.0,113.0,85.0
500000000.0,50,2.0,2.0,1.0,90.0,45.0
900000000.0,39,3.0,2.0,2.0,195.0,90.0
2500000000.0,12,4.0,3.0,1.0,123.0,200.0
750000000.0,1,3.0,2.0,2.0,141.0,200.0
700000000.0,4,3.0,1.0,1.0,110.0,64.0
375000000.0,23,2.0,1.0,1.0,72.0,72.0
450000000.0,1,2.0,1.0,2.0,97.0,50.0
2200000000.0,12,3.0,3.0,2.0,139.0,125.0
545000000.0,1,3.0,1.0,2.0,117.0,60.0
920000000.0,1,3.0,3.0,1.0,105.0,121.0
290000000.0,4,2.0,1.0,1.0,70.0,4.0
2200000000.0,39,3.0,3.0,1.0,150.0,170.0
1500000000.0,23,3.0,2.0,1.0,158.0,250.0
1200000000.0,32,3.0,3.0,2.0,100.0,110.0
960000000.0,25,3.0,3.0,2.0,107.0,80.0
1200000000.0,12,3.0,2.0,1.0,130.0,93.0
520000000.0,36,2.0,1.0,1.0,90.0,50.0
999000000.0,32,3.0,3.0,2.0,103.0,100.0
395000000.0,43,2.0,1.0,1.0,75.0,45.0
783000000.0,13,3.0,2.0,1.0,79.0,75.0
1700000000.0,13,4.0,2.0,2.0,144.0,200.0
3300000000.0,39,3.0,2.0,1.0,148.0,135.0
775000000.0,40,3.0,2.0,1.0,145.0,80.0
600000000.0,32,3.0,1.0,1.0,109.0,80.0
1100000000.0,15,3.0,1.0,2.0,145.0,100.0
1100000000.0,9,3.0,2.0,1.0,150.0,120.0
498000000.0,15,3.0,2.0,1.0,90.0,65.0
2500000000.0,39,2.0,1.0,1.0,209.0,65.0
495000000.0,40,2.0,1.0,1.0,72.0,72.0
592000000.0,15,2.0,1.0,1.0,104.0,50.0
730000000.0,23,3.0,2.0,1.0,100.0,80.0
885000000.0,23,2.0,2.0,2.0,156.0,120.0
1780000000.0,32,4.0,3.0,2.0,120.0,160.0
1780000000.0,32,4.0,3.0,2.0,120.0,160.0
885000000.0,23,2.0,2.0,1.0,156.0,120.0
1470000000.0,12,4.0,3.0,1.0,178.0,131.0
315000000.0,39,1.0,1.0,1.0,88.0,36.0
594000000.0,60,2.0,1.0,1.0,79.0,40.0
750000000.0,66,2.0,1.0,1.0,144.0,60.0
315000000.0,39,2.0,1.0,1.0,88.0,36.0
580000000.0,23,3.0,2.0,1.0,100.0,80.0
580000000.0,23,3.0,2.0,1.0,100.0,80.0
1000000000.0,34,2.0,1.0,1.0,96.0,54.0
680000000.0,39,3.0,1.0,1.0,97.0,60.0
950000000.0,3,3.0,2.0,1.0,181.0,160.0
1890000000.0,32,3.0,3.0,2.0,150.0,110.0
295000000.0,23,2.0,1.0,1.0,36.0,64.0
1970000000.0,39,3.0,3.0,2.0,137.0,140.0
743000000.0,10,3.0,2.0,2.0,81.0,75.0
571000000.0,60,2.0,1.0,1.0,79.0,40.0
610000000.0,60,2.0,1.0,1.0,89.0,40.0
591000000.0,60,2.0,1.0,1.0,84.0,40.0
580000000.0,60,2.0,1.0,1.0,81.0,40.0
565000000.0,60,2.0,1.0,1.0,76.0,40.0
850000000.0,40,2.0,1.0,1.0,93.0,80.0
622000000.0,36,2.0,1.0,1.0,115.0,50.0
235000000.0,12,2.0,1.0,1.0,73.0,30.0
910000000.0,60,4.0,2.0,1.0,106.0,160.0
2400000000.0,39,3.0,2.0,1.0,238.0,75.0
1300000000.0,65,2.0,2.0,1.0,134.0,80.0
1300000000.0,12,4.0,3.0,1.0,144.0,200.0
850000000.0,60,2.0,1.0,1.0,105.0,50.0
485000000.0,53,3.0,1.0,1.0,91.0,55.0
2600000000.0,36,3.0,3.0,1.0,135.0,200.0
520000000.0,15,2.0,1.0,1.0,90.0,50.0
2109999999.9999998,36,3.0,2.0,1.0,110.0,107.0
3870000000.0,36,3.0,3.0,2.0,204.0,142.0
3230000000.0,36,3.0,3.0,2.0,153.0,135.0
549000000.0,39,2.0,1.0,1.0,90.0,45.0
1900000000.0,39,2.0,1.0,1.0,198.0,190.0
287000000.0,30,2.0,1.0,1.0,72.0,36.0
327000000.0,30,2.0,1.0,1.0,84.0,36.0
290000000.0,30,2.0,1.0,1.0,74.0,36.0
287000000.0,30,2.0,1.0,1.0,71.0,36.0
278000000.0,30,2.0,1.0,1.0,71.0,36.0
775000000.0,23,3.0,2.0,1.0,145.0,70.0
790000000.0,41,3.0,2.0,1.0,75.0,70.0
735000000.0,40,3.0,2.0,1.0,105.0,70.0
2200000000.0,12,3.0,3.0,2.0,139.0,125.0
1250000000.0,39,4.0,3.0,1.0,168.0,200.0
765000000.0,23,3.0,2.0,1.0,118.0,80.0
1850000000.0,40,3.0,2.0,2.0,116.0,115.0
2200000000.0,39,3.0,3.0,1.0,125.0,139.0
645000000.0,1,3.0,1.0,1.0,93.0,60.0
645000000.0,1,3.0,1.0,1.0,93.0,60.0
499000000.0,63,2.0,1.0,1.0,120.0,36.0
753000000.0,11,3.0,2.0,2.0,84.0,75.0
898000000.0,40,3.0,2.0,1.0,90.0,65.0
415000000.0,27,2.0,1.0,1.0,77.0,45.0
1500000000.0,9,4.0,2.0,1.0,150.0,145.0
2200000000.0,13,3.0,3.0,1.0,119.0,114.0
395000000.0,54,2.0,1.0,1.0,36.0,80.0
1500000000.0,9,3.0,3.0,1.0,150.0,145.0
395000000.0,27,2.0,1.0,1.0,77.0,45.0
2000000000.0,39,3.0,2.0,1.0,200.0,185.0
2109999999.9999998,36,3.0,2.0,1.0,110.0,107.0
3870000000.0,36,3.0,3.0,2.0,204.0,142.0
3230000000.0,36,3.0,3.0,2.0,153.0,135.0
756000000.0,39,2.0,1.0,2.0,95.0,57.0
747000000.0,7,3.0,2.0,2.0,89.0,75.0
756000000.0,39,2.0,1.0,2.0,95.0,57.0
897000000.0,40,3.0,2.0,1.0,107.0,91.0
530000000.0,53,2.0,1.0,1.0,90.0,50.0
559000000.0,32,2.0,1.0,1.0,85.0,46.0
2900000000.0,12,3.0,2.0,1.0,185.0,80.0
520000000.0,15,2.0,1.0,1.0,90.0,50.0
737000000.0,17,3.0,2.0,2.0,79.0,75.0
728000000.0,39,2.0,1.0,1.0,105.0,65.0
562000000.0,60,2.0,1.0,1.0,92.0,53.0
743000000.0,21,3.0,2.0,2.0,81.0,75.0
728000000.0,39,2.0,1.0,1.0,105.0,65.0
775000000.0,40,3.0,2.0,1.0,132.0,90.0
743000000.0,27,2.0,2.0,1.0,81.0,75.0
675000000.0,39,2.0,1.0,1.0,121.0,45.0
675000000.0,12,2.0,1.0,1.0,121.0,45.0
753000000.0,15,3.0,2.0,2.0,84.0,75.0
970000000.0,65,3.0,1.0,1.0,145.0,130.0
2130000000.0,36,3.0,2.0,1.0,111.0,107.0
3370000000.0,36,3.0,3.0,2.0,166.0,135.0
450000000.0,27,2.0,1.0,1.0,101.0,36.0
450000000.0,27,2.0,1.0,1.0,101.0,36.0
1800000000.0,28,3.0,2.0,2.0,112.0,152.0
835000000.0,12,3.0,1.0,2.0,92.0,75.0
1820000000.0,16,3.0,3.0,1.0,140.0,158.0
775000000.0,39,3.0,2.0,2.0,113.0,85.0
592000000.0,50,2.0,1.0,1.0,90.0,36.0
592000000.0,23,2.0,1.0,1.0,90.0,36.0
1200000000.0,51,3.0,3.0,2.0,100.0,80.0
775000000.0,23,3.0,2.0,1.0,145.0,80.0
549000000.0,2,3.0,1.0,1.0,83.0,52.0
1450000000.0,12,3.0,3.0,1.0,110.0,129.0
650000000.0,53,3.0,2.0,1.0,103.0,60.0
1100000000.0,15,3.0,1.0,1.0,142.0,120.0
2000000000.0,61,4.0,3.0,2.0,182.0,135.0
1390000000.0,39,3.0,2.0,1.0,103.0,90.0
895000000.0,36,3.0,2.0,1.0,112.0,70.0
2500000000.0,12,4.0,3.0,1.0,123.0,200.0
2300000000.0,61,4.0,3.0,2.0,182.0,135.0
500000000.0,23,3.0,2.0,2.0,104.0,80.0
750000000.0,13,2.0,1.0,1.0,89.0,60.0
756000000.0,39,2.0,1.0,2.0,140.0,60.0
1780000000.0,12,4.0,3.0,2.0,118.0,160.0
2300000000.0,61,4.0,3.0,1.0,200.0,180.0
